<?xml version="1.0" encoding="ISO-8859-15"?>
<uc-export clientvers="12.0.3+build.9313">
<DOCU name="PCK.CUSTOM_KVM.PUB.DOC">
<HEADER state="1">
<Title>Pack Documentation</Title>
<ArchiveKey1/>
<ArchiveKey2/>
<OH_SubType/>
</HEADER>
<DOCU_Docu state="1" type="text">
<DOC><![CDATA[KVM Action Pack
=============

== Requirements ==
Linux Agent
The action pack utilises the virsh utility for most of the actions. The Create VM uses the virt-install command. You should install the relevant packages on the source agent server.


PCK.CUSTOM_KVM.PUB.ACTION.CLONE_VM
Clone a VM from an existing VM. The source VM must be shut down for the clone operation to run.

== Inputs ==
&KVM_TEMPLATE# - The name of the template VM to copy.
&KVM_NAME# - The name of the new VM to create.
&KVM_IMAGE_PATH# - The full path of the image file for the new VM.
&KVM_MAC# - The MAC address for the new VM's virtual network interface. Leave  blank to generate a random MAC address.
&KVM_PREALLOCATE_DISK_FLAG# - If set to YES then allocate the full size of the new disk image.

== Outputs ==
None



PCK.CUSTOM_KVM.PUB.ACTION.CREATE_NETWORK
Create a new virtual network.

== Inputs ==
&KVM_NW_NAME# - The name of the network to create e.g. vnet1
&KVM_NW_DEVICE# - The physical interface of the host to attach to e.g. eth0
&KVM_NW_BRIDGE# - The bridge name e.g. vnet0.
&KVM_NW_IP# - The IP address to assign to the network gateway.
&KVM_NW_MASK# - The network mask for the network e.g. 255.255.255.0
&KVM_NW_DHCP_SCOPE_START# - The IP address defining the start of the DHCP scope.
&KVM_NW_DHCP_SCOPE_END# - The IP address defining the end of the DHCP scope.
&KVM_NW_PERSISTENT_FLAG# - Specifies whether the network is persistent across reboots, or is transient.

== Outputs ==
None



PCK.CUSTOM_KVM.PUB.ACTION.CREATE_VM
Create a new VM.

== Inputs ==
&VM_NAME# - The name of the VM to create.
&VM_DESCRIPTION# - Optional description about the VM.
&VM_OS# - The operating system of the new VM.
&VM_OS_VARIANT# - The variant of the operating system. The list of variants can be found by running "osinfo-query os" on the target Linux server.
&VM_NW# - The virtual network bridge the VM should attach to e.g. virbr0 
&VM_CPU_COUNT# - The number of virtual machines to allocate to the VM.
&KVM_MEM# - The amount of memory in megabytes to allocate to the VM.
&KVM_DISK_SIZE# - The size of disk in gigabytes to create.
&KVM_IMAGE_PATH# - The full path of the disk image file to create.
&KVM_INSTALL_IMAGE_LOCATION# - The location of the OS image. It can be can be a URL for a remote installation e.g. http://yourserver/pub/rhel6/x86_64/ or a local file path for an iso image e.g. /var/rhel-server-6.5-x86_64-dvd.iso
&KVM_EXTRA_ARGS# - List of extra arguments to pass.

== Outputs ==
None



PCK.CUSTOM_KVM.PUB.ACTION.DELETE_NETWORK
Delete a virtual network.

== Inputs ==
&KVM_NW_NAME# - The name or UUID of the virtual network to delete.

== Outputs ==
None



PCK.CUSTOM_KVM.PUB.ACTION.DELETE_VM
Deletes a VM.

== Inputs ==
&KVM_NAME# - The name of the VM to delete.

== Outputs ==
None



PCK.CUSTOM_KVM.PUB.ACTION.GET_NETWORK_INFO
Retrieve the name and UUID of a virtual network

== Inputs ==
&KVM_NW_REF# - The name or UUID of the virtual network to query.

== Outputs ==
None



PCK.CUSTOM_KVM.PUB.ACTION.GET_VM_INFO
Retrieve name, ID, UUID of a VM.

== Inputs ==
&KVM_REF# - The name of UUID of the VM to query.

== Outputs ==
&KVM_ID# - the ID of the running VM.
&KVM_NAME# - the name of the VM.
&KVM_STATE# - the state of the VM.
&KVM_UUID# - the UUID of the VM.



PCK.CUSTOM_KVM.PUB.ACTION.LIST_NETWORKS
List all active and inactive networks.

== Inputs ==
&KVM_STATE_LIST# - Filter on the current VM state.

== Outputs ==
None


PCK.CUSTOM_KVM.PUB.ACTION.LIST_VMS
List all active and inactive VMs.

== Inputs ==

== Outputs ==


PCK.CUSTOM_KVM.PUB.ACTION.REBOOT_VM
Reboots a VM.

== Inputs ==
&KVM_NAME# - the name or UUID of the VM to reboot.

== Outputs ==
None



PCK.CUSTOM_KVM.PUB.ACTION.RESET_VM
Reset a VM immediately without any guest shutdown. Reset emulates the power reset button on a machine, where all guest hardware sees the RST line set and reinitializes internal state.

Note: Reset without any guest OS shutdown risks data loss.

== Inputs ==
&KVM_NAME# - the name or UUID of the VM to reset.

== Outputs ==
None



PCK.CUSTOM_KVM.PUB.ACTION.RESTORE_VM
Restore the state of a VM from a saved state file.

== Inputs ==
&KVM_STATE_FILE# - the full path to the file containing the saved state of a VM.

== Outputs ==
None



PCK.CUSTOM_KVM.PUB.ACTION.RESUME_VM
Resume a suspended VM.

== Inputs ==
&KVM_NAME# - the name or UUID of the VM to resume.

== Outputs ==
None



PCK.CUSTOM_KVM.PUB.ACTION.SAVE_VM
Save the current state of a VM to file.

== Inputs ==
&KVM_NAME# - the name or UUID of the VM to save.
&KVM_STATE_FILE# - The path to the file that will contained he saved state of the VM.

== Outputs ==
None



PCK.CUSTOM_KVM.PUB.ACTION.SHUTDOWN_VM
Shutdown a VM.

== Inputs ==
&KVM_NAME# - the name or UUID of the VM to shutdown.
&KVM_SHUTDOWN_TIMEOUT#  - The duration in seconds to wait for the VM to gracefully shutdown. 
&KVM_FORCE_SHUTDOWN_FLAG# - Indicates whether a VM will be forcefully terminated if it doesn't shutdown gracefully within the specified timeout.

== Outputs ==
None



PCK.CUSTOM_KVM.PUB.ACTION.START_NETWORK
Start a virtual network.

== Inputs ==
&KVM_NW_NAME# - the name or UUID of the virtual network to start.

== Outputs ==
None



PCK.CUSTOM_KVM.PUB.ACTION.START_VM
Start a VM.

== Inputs ==
&KVM_NAME# - the name or UUID of the VM to start.

== Outputs ==
None




PCK.CUSTOM_KVM.PUB.ACTION.STOP_NETWORK
Stop a virtual network.

== Inputs ==
&KVM_NAME# - the name or UUID of the virtual network to stop.

== Outputs ==
None



PCK.CUSTOM_KVM.PUB.ACTION.STOP_VM
Stop a VM.

== Inputs ==
&KVM_NAME# - The name or UUID of the VM to stop.
&KVM_GRACEFUL_FLAG# - If set, don't resort to such extreme measures.

== Outputs ==
None



PCK.CUSTOM_KVM.PUB.ACTION.SUSPEND_VM
Suspend a VM.

== Inputs ==
&KVM_NAME# - The name or UUID of the VM to suspend.

== Outputs ==
None






]]></DOC>
</DOCU_Docu>
</DOCU>
</uc-export>